市区町村名,地区名
千代田区,飯田橋
千代田区,一番町
千代田区,岩本町
千代田区,内神田
千代田区,神田和泉町
千代田区,神田佐久間町
千代田区,神田猿楽町
千代田区,神田神保町
千代田区,神田須田町
千代田区,神田司町
千代田区,神田東松下町
千代田区,神田三崎町
千代田区,神田美土代町
千代田区,九段北
千代田区,九段南
千代田区,麹町
千代田区,五番町
千代田区,三番町
千代田区,外神田
千代田区,隼町
千代田区,東神田
千代田区,平河町
千代田区,富士見
千代田区,四番町
千代田区,神田多町
千代田区,神田小川町
千代田区,神田錦町
千代田区,神田北乗物町
中央区,明石町
中央区,入船
中央区,新川
中央区,新富
中央区,築地
中央区,月島
中央区,佃
中央区,日本橋蛎殻町
中央区,日本橋茅場町
中央区,日本橋小網町
中央区,日本橋中洲
中央区,日本橋人形町
中央区,日本橋馬喰町
中央区,日本橋箱崎町
中央区,日本橋浜町
中央区,日本橋横山町
中央区,八丁堀
中央区,東日本橋
中央区,湊
中央区,銀座
中央区,日本橋久松町
中央区,勝どき
中央区,日本橋大伝馬町
中央区,日本橋小舟町
中央区,日本橋富沢町
港区,赤坂
港区,麻布十番
港区,麻布台
港区,海岸
港区,北青山
港区,港南
港区,芝
港区,芝浦
港区,芝大門
港区,白金
港区,白金台
港区,新橋
港区,高輪
港区,虎ノ門
港区,西麻布
港区,西新橋
港区,浜松町
港区,東麻布
港区,三田
港区,南青山
港区,南麻布
港区,元赤坂
港区,元麻布
港区,六本木
港区,麻布永坂町
港区,芝公園
新宿区,愛住町
新宿区,赤城下町
新宿区,荒木町
新宿区,市谷加賀町
新宿区,市谷甲良町
新宿区,市谷左内町
新宿区,市谷台町
新宿区,市谷田町
新宿区,市谷仲之町
新宿区,市谷八幡町
新宿区,市谷薬王寺町
新宿区,市谷柳町
新宿区,市谷山伏町
新宿区,榎町
新宿区,大久保
新宿区,神楽坂
新宿区,片町
新宿区,上落合
新宿区,河田町
新宿区,喜久井町
新宿区,北新宿
新宿区,北町
新宿区,北山伏町
新宿区,左門町
新宿区,下落合
新宿区,新小川町
新宿区,新宿
新宿区,水道町
新宿区,須賀町
新宿区,住吉町
新宿区,大京町
新宿区,高田馬場
新宿区,箪笥町
新宿区,天神町
新宿区,戸塚町
新宿区,富久町
新宿区,戸山
新宿区,中井
新宿区,中落合
新宿区,納戸町
新宿区,西落合
新宿区,西新宿
新宿区,二十騎町
新宿区,西早稲田
新宿区,原町
新宿区,百人町
新宿区,舟町
新宿区,弁天町
新宿区,南榎町
新宿区,南元町
新宿区,南山伏町
新宿区,山吹町
新宿区,矢来町
新宿区,横寺町
新宿区,余丁町
新宿区,四谷
新宿区,四谷坂町
新宿区,四谷三栄町
新宿区,四谷本塩町
新宿区,若葉
新宿区,若松町
新宿区,若宮町
新宿区,早稲田鶴巻町
新宿区,早稲田町
新宿区,早稲田南町
新宿区,改代町
新宿区,津久戸町
新宿区,筑土八幡町
新宿区,中町
新宿区,払方町
新宿区,市谷長延寺町
新宿区,歌舞伎町
新宿区,信濃町
新宿区,内藤町
新宿区,西五軒町
新宿区,馬場下町
新宿区,東五軒町
新宿区,南町
文京区,大塚
文京区,音羽
文京区,春日
文京区,小石川
文京区,後楽
文京区,小日向
文京区,水道
文京区,関口
文京区,千石
文京区,千駄木
文京区,西片
文京区,根津
文京区,白山
文京区,本郷
文京区,本駒込
文京区,向丘
文京区,目白台
文京区,弥生
文京区,湯島
台東区,浅草
台東区,浅草橋
台東区,池之端
台東区,今戸
台東区,入谷
台東区,上野
台東区,上野桜木
台東区,北上野
台東区,清川
台東区,蔵前
台東区,小島
台東区,寿
台東区,駒形
台東区,下谷
台東区,千束
台東区,台東
台東区,鳥越
台東区,西浅草
台東区,日本堤
台東区,根岸
台東区,橋場
台東区,花川戸
台東区,東浅草
台東区,東上野
台東区,松が谷
台東区,三筋
台東区,三ノ輪
台東区,元浅草
台東区,谷中
台東区,柳橋
台東区,竜泉
台東区,雷門
墨田区,吾妻橋
墨田区,石原
墨田区,押上
墨田区,亀沢
墨田区,菊川
墨田区,京島
墨田区,錦糸
墨田区,江東橋
墨田区,墨田
墨田区,太平
墨田区,立花
墨田区,立川
墨田区,千歳
墨田区,堤通
墨田区,業平
墨田区,東駒形
墨田区,東墨田
墨田区,東向島
墨田区,文花
墨田区,本所
墨田区,緑
墨田区,向島
墨田区,八広
墨田区,横川
墨田区,両国
江東区,石島
江東区,海辺
江東区,永代
江東区,枝川
江東区,越中島
江東区,扇橋
江東区,大島
江東区,亀戸
江東区,北砂
江東区,木場
江東区,清澄
江東区,佐賀
江東区,猿江
江東区,塩浜
江東区,潮見
江東区,東雲
江東区,白河
江東区,新大橋
江東区,住吉
江東区,千石
江東区,千田
江東区,東陽
江東区,常盤
江東区,富岡
江東区,豊洲
江東区,東砂
江東区,平野
江東区,深川
江東区,福住
江東区,冬木
江東区,古石場
江東区,牡丹
江東区,南砂
江東区,三好
江東区,毛利
江東区,森下
江東区,門前仲町
品川区,荏原
品川区,大井
品川区,大崎
品川区,勝島
品川区,上大崎
品川区,北品川
品川区,小山
品川区,小山台
品川区,戸越
品川区,中延
品川区,西大井
品川区,西五反田
品川区,西品川
品川区,西中延
品川区,旗の台
品川区,東大井
品川区,東五反田
品川区,東品川
品川区,東中延
品川区,平塚
品川区,二葉
品川区,南大井
品川区,南品川
品川区,豊町
目黒区,青葉台
目黒区,大岡山
目黒区,大橋
目黒区,柿の木坂
目黒区,上目黒
目黒区,五本木
目黒区,駒場
目黒区,下目黒
目黒区,自由が丘
目黒区,洗足
目黒区,平町
目黒区,鷹番
目黒区,中央町
目黒区,中町
目黒区,中根
目黒区,中目黒
目黒区,原町
目黒区,東が丘
目黒区,東山
目黒区,碑文谷
目黒区,三田
目黒区,緑が丘
目黒区,南
目黒区,目黒
目黒区,目黒本町
目黒区,八雲
目黒区,祐天寺
大田区,池上
大田区,石川町
大田区,鵜の木
大田区,大森北
大田区,大森中
大田区,大森西
大田区,大森東
大田区,大森本町
大田区,大森南
大田区,蒲田
大田区,蒲田本町
大田区,上池台
大田区,北糀谷
大田区,北千束
大田区,北馬込
大田区,北嶺町
大田区,久が原
大田区,山王
大田区,下丸子
大田区,新蒲田
大田区,多摩川
大田区,千鳥
大田区,中央
大田区,田園調布
大田区,田園調布本町
大田区,田園調布南
大田区,仲池上
大田区,中馬込
大田区,仲六郷
大田区,西蒲田
大田区,西糀谷
大田区,西馬込
大田区,西嶺町
大田区,西六郷
大田区,萩中
大田区,羽田
大田区,羽田旭町
大田区,東蒲田
大田区,東糀谷
大田区,東馬込
大田区,東嶺町
大田区,東矢口
大田区,東雪谷
大田区,東六郷
大田区,本羽田
大田区,南蒲田
大田区,南久が原
大田区,南千束
大田区,南馬込
大田区,南雪谷
大田区,南六郷
大田区,矢口
大田区,雪谷大塚町
世田谷区,赤堤
世田谷区,池尻
世田谷区,宇奈根
世田谷区,梅丘
世田谷区,大蔵
世田谷区,大原
世田谷区,岡本
世田谷区,奥沢
世田谷区,尾山台
世田谷区,粕谷
世田谷区,鎌田
世田谷区,上馬
世田谷区,上北沢
世田谷区,上祖師谷
世田谷区,上野毛
世田谷区,上用賀
世田谷区,北烏山
世田谷区,北沢
世田谷区,喜多見
世田谷区,砧
世田谷区,給田
世田谷区,経堂
世田谷区,豪徳寺
世田谷区,駒沢
世田谷区,桜
世田谷区,桜丘
世田谷区,桜上水
世田谷区,桜新町
世田谷区,三軒茶屋
世田谷区,下馬
世田谷区,新町
世田谷区,成城
世田谷区,瀬田
世田谷区,世田谷
世田谷区,祖師谷
世田谷区,代沢
世田谷区,太子堂
世田谷区,代田
世田谷区,玉川
世田谷区,玉川台
世田谷区,玉川田園調布
世田谷区,玉堤
世田谷区,千歳台
世田谷区,弦巻
世田谷区,等々力
世田谷区,中町
世田谷区,野毛
世田谷区,野沢
世田谷区,八幡山
世田谷区,羽根木
世田谷区,東玉川
世田谷区,深沢
世田谷区,船橋
世田谷区,松原
世田谷区,三宿
世田谷区,南烏山
世田谷区,宮坂
世田谷区,用賀
世田谷区,若林
渋谷区,上原
渋谷区,鶯谷町
渋谷区,恵比寿
渋谷区,恵比寿西
渋谷区,恵比寿南
渋谷区,大山町
渋谷区,神山町
渋谷区,笹塚
渋谷区,猿楽町
渋谷区,渋谷
渋谷区,松濤
渋谷区,神宮前
渋谷区,神泉町
渋谷区,千駄ケ谷
渋谷区,道玄坂
渋谷区,富ケ谷
渋谷区,南平台町
渋谷区,西原
渋谷区,幡ケ谷
渋谷区,鉢山町
渋谷区,初台
渋谷区,東
渋谷区,広尾
渋谷区,本町
渋谷区,円山町
渋谷区,元代々木町
渋谷区,代々木
渋谷区,桜丘町
中野区,新井
中野区,江古田
中野区,江原町
中野区,上鷺宮
中野区,上高田
中野区,鷺宮
中野区,白鷺
中野区,中央
中野区,中野
中野区,沼袋
中野区,野方
中野区,東中野
中野区,本町
中野区,松が丘
中野区,丸山
中野区,南台
中野区,大和町
中野区,弥生町
中野区,若宮
杉並区,阿佐谷北
杉並区,阿佐谷南
杉並区,天沼
杉並区,井草
杉並区,和泉
杉並区,今川
杉並区,梅里
杉並区,永福
杉並区,大宮
杉並区,荻窪
杉並区,上井草
杉並区,上荻
杉並区,上高井戸
杉並区,久我山
杉並区,高円寺北
杉並区,高円寺南
杉並区,清水
杉並区,下井草
杉並区,下高井戸
杉並区,松庵
杉並区,善福寺
杉並区,高井戸西
杉並区,高井戸東
杉並区,成田西
杉並区,成田東
杉並区,西荻北
杉並区,西荻南
杉並区,浜田山
杉並区,方南
杉並区,堀ノ内
杉並区,本天沼
杉並区,松ノ木
杉並区,南荻窪
杉並区,宮前
杉並区,桃井
杉並区,和田
豊島区,池袋
豊島区,池袋本町
豊島区,要町
豊島区,上池袋
豊島区,北大塚
豊島区,駒込
豊島区,巣鴨
豊島区,千川
豊島区,雑司が谷
豊島区,高田
豊島区,高松
豊島区,千早
豊島区,長崎
豊島区,西池袋
豊島区,西巣鴨
豊島区,東池袋
豊島区,南池袋
豊島区,南大塚
豊島区,南長崎
豊島区,目白
北区,赤羽
北区,赤羽北
北区,赤羽台
北区,赤羽西
北区,赤羽南
北区,岩淵町
北区,浮間
北区,王子
北区,王子本町
北区,上十条
北区,上中里
北区,神谷
北区,岸町
北区,桐ケ丘
北区,栄町
北区,志茂
北区,十条仲原
北区,昭和町
北区,滝野川
北区,田端
北区,田端新町
北区,豊島
北区,中里
北区,中十条
北区,西が丘
北区,西ケ原
北区,東十条
北区,東田端
北区,堀船
北区,十条台
荒川区,荒川
荒川区,西尾久
荒川区,西日暮里
荒川区,東尾久
荒川区,東日暮里
荒川区,町屋
荒川区,南千住
板橋区,相生町
板橋区,赤塚
板橋区,赤塚新町
板橋区,小豆沢
板橋区,泉町
板橋区,板橋
板橋区,稲荷台
板橋区,大原町
板橋区,大谷口
板橋区,大谷口上町
板橋区,大谷口北町
板橋区,大山金井町
板橋区,大山町
板橋区,大山西町
板橋区,大山東町
板橋区,加賀
板橋区,上板橋
板橋区,熊野町
板橋区,小茂根
板橋区,幸町
板橋区,栄町
板橋区,坂下
板橋区,桜川
板橋区,清水町
板橋区,志村
板橋区,新河岸
板橋区,大門
板橋区,高島平
板橋区,東新町
板橋区,常盤台
板橋区,徳丸
板橋区,中板橋
板橋区,仲宿
板橋区,中台
板橋区,仲町
板橋区,中丸町
板橋区,成増
板橋区,西台
板橋区,蓮沼町
板橋区,蓮根
板橋区,東坂下
板橋区,東山町
板橋区,氷川町
板橋区,富士見町
板橋区,双葉町
板橋区,舟渡
板橋区,本町
板橋区,前野町
板橋区,三園
板橋区,南町
板橋区,南常盤台
板橋区,宮本町
板橋区,向原
板橋区,大和町
板橋区,弥生町
板橋区,四葉
板橋区,若木
練馬区,旭丘
練馬区,旭町
練馬区,大泉学園町
練馬区,大泉町
練馬区,春日町
練馬区,上石神井
練馬区,上石神井南町
練馬区,北町
練馬区,向山
練馬区,小竹町
練馬区,栄町
練馬区,桜台
練馬区,下石神井
練馬区,石神井台
練馬区,石神井町
練馬区,関町北
練馬区,関町東
練馬区,関町南
練馬区,高野台
練馬区,高松
練馬区,田柄
練馬区,立野町
練馬区,土支田
練馬区,豊玉上
練馬区,豊玉北
練馬区,豊玉中
練馬区,豊玉南
練馬区,中村
練馬区,中村北
練馬区,中村南
練馬区,西大泉
練馬区,錦
練馬区,貫井
練馬区,練馬
練馬区,羽沢
練馬区,早宮
練馬区,東大泉
練馬区,氷川台
練馬区,富士見台
練馬区,平和台
練馬区,南大泉
練馬区,南田中
練馬区,三原台
練馬区,谷原
足立区,青井
足立区,足立
足立区,綾瀬
足立区,伊興
足立区,伊興本町
足立区,入谷
足立区,梅島
足立区,梅田
足立区,扇
足立区,大谷田
足立区,興野
足立区,小台
足立区,加賀
足立区,加平
足立区,北加平町
足立区,栗原
足立区,弘道
足立区,江北
足立区,古千谷本町
足立区,佐野
足立区,皿沼
足立区,鹿浜
足立区,島根
足立区,新田
足立区,神明
足立区,神明南
足立区,関原
足立区,千住
足立区,千住曙町
足立区,千住旭町
足立区,千住東
足立区,千住大川町
足立区,千住河原町
足立区,千住寿町
足立区,千住桜木
足立区,千住関屋町
足立区,千住龍田町
足立区,千住中居町
足立区,千住仲町
足立区,千住橋戸町
足立区,千住緑町
足立区,千住宮元町
足立区,千住元町
足立区,千住柳町
足立区,竹の塚
足立区,辰沼
足立区,中央本町
足立区,椿
足立区,東和
足立区,舎人
足立区,中川
足立区,西綾瀬
足立区,西新井
足立区,西新井栄町
足立区,西新井本町
足立区,西伊興
足立区,西加平
足立区,西竹の塚
足立区,西保木間
足立区,花畑
足立区,東綾瀬
足立区,東伊興
足立区,東保木間
足立区,東六月町
足立区,一ツ家
足立区,日ノ出町
足立区,平野
足立区,保木間
足立区,保塚町
足立区,堀之内
足立区,南花畑
足立区,宮城
足立区,六木
足立区,本木
足立区,本木北町
足立区,本木西町
足立区,本木東町
足立区,本木南町
足立区,谷在家
足立区,谷中
足立区,柳原
足立区,六月
足立区,六町
葛飾区,青戸
葛飾区,奥戸
葛飾区,お花茶屋
葛飾区,金町
葛飾区,鎌倉
葛飾区,亀有
葛飾区,小菅
葛飾区,柴又
葛飾区,白鳥
葛飾区,新小岩
葛飾区,高砂
葛飾区,宝町
葛飾区,立石
葛飾区,新宿
葛飾区,西亀有
葛飾区,西新小岩
葛飾区,西水元
葛飾区,東金町
葛飾区,東新小岩
葛飾区,東立石
葛飾区,東堀切
葛飾区,東水元
葛飾区,東四つ木
葛飾区,細田
葛飾区,堀切
葛飾区,水元
葛飾区,南水元
葛飾区,四つ木
江戸川区,一之江
江戸川区,宇喜田町
江戸川区,江戸川
江戸川区,大杉
江戸川区,興宮町
江戸川区,上一色
江戸川区,上篠崎
江戸川区,北葛西
江戸川区,北小岩
江戸川区,北篠崎
江戸川区,小松川
江戸川区,鹿骨
江戸川区,鹿骨町
江戸川区,篠崎町
江戸川区,下篠崎町
江戸川区,中央
江戸川区,中葛西
江戸川区,新堀
江戸川区,西一之江
江戸川区,西葛西
江戸川区,西小岩
江戸川区,西小松川町
江戸川区,西篠崎
江戸川区,西瑞江
江戸川区,春江町
江戸川区,東葛西
江戸川区,東小岩
江戸川区,東小松川
江戸川区,東篠崎
江戸川区,東松本
江戸川区,東瑞江
江戸川区,平井
江戸川区,船堀
江戸川区,本一色
江戸川区,松江
江戸川区,松島
江戸川区,松本
江戸川区,瑞江
江戸川区,南葛西
江戸川区,南小岩
江戸川区,南篠崎町
江戸川区,谷河内
江戸川区,清新町
江戸川区,二之江町
江戸川区,臨海町
八王子市,暁町
八王子市,石川町
八王子市,泉町
八王子市,犬目町
八王子市,上野町
八王子市,打越町
八王子市,宇津木町
八王子市,裏高尾町
八王子市,追分町
八王子市,大塚
八王子市,大船町
八王子市,大谷町
八王子市,大横町
八王子市,大和田町
八王子市,小門町
八王子市,鹿島
八王子市,加住町
八王子市,片倉町
八王子市,叶谷町
八王子市,上壱分方町
八王子市,上恩方町
八王子市,上川町
八王子市,上柚木
八王子市,川口町
八王子市,川町
八王子市,北野台
八王子市,北野町
八王子市,絹ケ丘
八王子市,清川町
八王子市,椚田町
八王子市,久保山町
八王子市,越野
八王子市,小比企町
八王子市,小宮町
八王子市,子安町
八王子市,左入町
八王子市,散田町
八王子市,下恩方町
八王子市,下柚木
八王子市,城山手
八王子市,新町
八王子市,諏訪町
八王子市,千人町
八王子市,台町
八王子市,大楽寺町
八王子市,平町
八王子市,高尾町
八王子市,高倉町
八王子市,滝山町
八王子市,館町
八王子市,田町
八王子市,丹木町
八王子市,寺田町
八王子市,寺町
八王子市,廿里町
八王子市,戸吹町
八王子市,長沼町
八王子市,中野上町
八王子市,中野山王
八王子市,中野町
八王子市,長房町
八王子市,中山
八王子市,七国
八王子市,並木町
八王子市,楢原町
八王子市,南陽台
八王子市,西浅川町
八王子市,西片倉
八王子市,西寺方町
八王子市,弐分方町
八王子市,狭間町
八王子市,八幡町
八王子市,初沢町
八王子市,東浅川町
八王子市,東中野
八王子市,兵衛
八王子市,日吉町
八王子市,平岡町
八王子市,富士見町
八王子市,別所
八王子市,堀之内
八王子市,本郷町
八王子市,本町
八王子市,松が谷
八王子市,松木
八王子市,丸山町
八王子市,三崎町
八王子市,みつい台
八王子市,緑町
八王子市,南浅川町
八王子市,南大沢
八王子市,南新町
八王子市,みなみ野
八王子市,宮下町
八王子市,美山町
八王子市,明神町
八王子市,めじろ台
八王子市,元八王子町
八王子市,元本郷町
八王子市,元横山町
八王子市,八木町
八王子市,谷野町
八王子市,山田町
八王子市,鑓水
八王子市,横川町
八王子市,横山町
八王子市,四谷町
八王子市,万町
八王子市,中町
八王子市,八日町
八王子市,梅坪町
八王子市,天神町
立川市,曙町
立川市,一番町
立川市,柏町
立川市,上砂町
立川市,幸町
立川市,栄町
立川市,柴崎町
立川市,砂川町
立川市,高松町
立川市,錦町
立川市,西砂町
立川市,羽衣町
立川市,富士見町
立川市,若葉町
武蔵野市,吉祥寺北町
武蔵野市,吉祥寺東町
武蔵野市,吉祥寺本町
武蔵野市,吉祥寺南町
武蔵野市,境南町
武蔵野市,御殿山
武蔵野市,境
武蔵野市,桜堤
武蔵野市,関前
武蔵野市,中町
武蔵野市,西久保
武蔵野市,緑町
武蔵野市,八幡町
三鷹市,井口
三鷹市,井の頭
三鷹市,大沢
三鷹市,上連雀
三鷹市,北野
三鷹市,下連雀
三鷹市,新川
三鷹市,深大寺
三鷹市,中原
三鷹市,野崎
三鷹市,牟礼
青梅市,天ヶ瀬町
青梅市,今井
青梅市,今寺
青梅市,裏宿町
青梅市,大柳町
青梅市,小曾木
青梅市,勝沼
青梅市,河辺町
青梅市,上町
青梅市,木野下
青梅市,黒沢
青梅市,駒木町
青梅市,沢井
青梅市,塩船
青梅市,新町
青梅市,末広町
青梅市,住江町
青梅市,大門
青梅市,滝ノ上町
青梅市,千ヶ瀬町
青梅市,友田町
青梅市,長淵
青梅市,成木
青梅市,西分町
青梅市,根ヶ布
青梅市,野上町
青梅市,梅郷
青梅市,畑中
青梅市,東青梅
青梅市,日向和田
青梅市,吹上
青梅市,藤橋
青梅市,二俣尾
青梅市,本町
青梅市,御岳
青梅市,森下町
青梅市,師岡町
青梅市,谷野
青梅市,柚木町
青梅市,和田町
青梅市,富岡
青梅市,御岳本町
府中市,朝日町
府中市,押立町
府中市,片町
府中市,北山町
府中市,寿町
府中市,小柳町
府中市,是政
府中市,幸町
府中市,栄町
府中市,清水が丘
府中市,白糸台
府中市,新町
府中市,住吉町
府中市,浅間町
府中市,多磨町
府中市,天神町
府中市,西原町
府中市,西府町
府中市,日新町
府中市,八幡町
府中市,晴見町
府中市,府中町
府中市,分梅町
府中市,本宿町
府中市,本町
府中市,緑町
府中市,南町
府中市,宮西町
府中市,宮町
府中市,美好町
府中市,武蔵台
府中市,紅葉丘
府中市,矢崎町
府中市,四谷
府中市,若松町
昭島市,朝日町
昭島市,東町
昭島市,大神町
昭島市,郷地町
昭島市,上川原町
昭島市,昭和町
昭島市,田中町
昭島市,玉川町
昭島市,中神町
昭島市,拝島町
昭島市,福島町
昭島市,松原町
昭島市,緑町
昭島市,美堀町
昭島市,宮沢町
昭島市,武蔵野
昭島市,もくせいの杜
調布市,入間町
調布市,上石原
調布市,菊野台
調布市,国領町
調布市,小島町
調布市,佐須町
調布市,柴崎
調布市,下石原
調布市,深大寺北町
調布市,深大寺東町
調布市,深大寺南町
調布市,深大寺元町
調布市,仙川町
調布市,染地
調布市,多摩川
調布市,調布ケ丘
調布市,飛田給
調布市,西つつじケ丘
調布市,東つつじケ丘
調布市,富士見町
調布市,布田
調布市,緑ケ丘
調布市,八雲台
調布市,若葉町
町田市,相原町
町田市,旭町
町田市,大蔵町
町田市,小川
町田市,小野路町
町田市,小山ヶ丘
町田市,小山田桜台
町田市,小山町
町田市,金井
町田市,金井ヶ丘
町田市,金井町
町田市,金森
町田市,金森東
町田市,上小山田町
町田市,木曽西
町田市,木曽東
町田市,木曽町
町田市,高ヶ坂
町田市,下小山田町
町田市,真光寺
町田市,真光寺町
町田市,図師町
町田市,忠生
町田市,玉川学園
町田市,つくし野
町田市,鶴川
町田市,鶴間
町田市,常盤町
町田市,中町
町田市,成瀬
町田市,成瀬が丘
町田市,成瀬台
町田市,西成瀬
町田市,根岸
町田市,根岸町
町田市,能ヶ谷
町田市,野津田町
町田市,原町田
町田市,東玉川学園
町田市,広袴
町田市,広袴町
町田市,本町田
町田市,南大谷
町田市,南つくし野
町田市,南成瀬
町田市,南町田
町田市,三輪町
町田市,三輪緑山
町田市,森野
町田市,薬師台
町田市,矢部町
町田市,山崎
町田市,山崎町
小金井市,梶野町
小金井市,桜町
小金井市,関野町
小金井市,中町
小金井市,貫井北町
小金井市,貫井南町
小金井市,東町
小金井市,本町
小金井市,前原町
小金井市,緑町
小平市,大沼町
小平市,小川町
小平市,小川西町
小平市,小川東町
小平市,学園西町
小平市,学園東町
小平市,喜平町
小平市,栄町
小平市,上水新町
小平市,上水本町
小平市,上水南町
小平市,鈴木町
小平市,たかの台
小平市,津田町
小平市,天神町
小平市,中島町
小平市,仲町
小平市,花小金井
小平市,花小金井南町
小平市,美園町
小平市,御幸町
小平市,回田町
日野市,旭が丘
日野市,大字新井
日野市,新井
日野市,大字石田
日野市,石田
日野市,大坂上
日野市,落川
日野市,大字上田
日野市,大字川辺堀之内
日野市,栄町
日野市,新町
日野市,神明
日野市,高幡
日野市,多摩平
日野市,大字豊田
日野市,豊田
日野市,西平山
日野市,東豊田
日野市,東平山
日野市,大字日野
日野市,日野台
日野市,日野本町
日野市,平山
日野市,程久保
日野市,万願寺
日野市,三沢
日野市,南平
日野市,大字宮
日野市,百草
東村山市,青葉町
東村山市,秋津町
東村山市,恩多町
東村山市,久米川町
東村山市,栄町
東村山市,諏訪町
東村山市,多摩湖町
東村山市,野口町
東村山市,萩山町
東村山市,富士見町
東村山市,本町
東村山市,美住町
東村山市,廻田町
国分寺市,泉町
国分寺市,北町
国分寺市,新町
国分寺市,高木町
国分寺市,戸倉
国分寺市,内藤
国分寺市,並木町
国分寺市,西恋ケ窪
国分寺市,西町
国分寺市,西元町
国分寺市,東恋ケ窪
国分寺市,東戸倉
国分寺市,東元町
国分寺市,光町
国分寺市,日吉町
国分寺市,富士本
国分寺市,本多
国分寺市,本町
国分寺市,南町
国立市,青柳
国立市,泉
国立市,北
国立市,中
国立市,西
国立市,東
国立市,富士見台
国立市,谷保
国立市,矢川
福生市,牛浜
福生市,加美平
福生市,北田園
福生市,大字熊川
福生市,志茂
福生市,東町
福生市,大字福生
福生市,大字福生二宮
福生市,本町
福生市,南田園
福生市,武蔵野台
狛江市,和泉本町
狛江市,猪方
狛江市,岩戸北
狛江市,岩戸南
狛江市,駒井町
狛江市,中和泉
狛江市,西野川
狛江市,東和泉
狛江市,東野川
狛江市,元和泉
東大和市,芋窪
東大和市,上北台
東大和市,清原
東大和市,湖畔
東大和市,桜が丘
東大和市,狭山
東大和市,清水
東大和市,新堀
東大和市,蔵敷
東大和市,高木
東大和市,立野
東大和市,中央
東大和市,仲原
東大和市,奈良橋
東大和市,南街
東大和市,向原
清瀬市,旭が丘
清瀬市,梅園
清瀬市,上清戸
清瀬市,下宿
清瀬市,下清戸
清瀬市,竹丘
清瀬市,中清戸
清瀬市,中里
清瀬市,野塩
清瀬市,松山
清瀬市,元町
東久留米市,上の原
東久留米市,学園町
東久留米市,金山町
東久留米市,小山
東久留米市,幸町
東久留米市,下里
東久留米市,新川町
東久留米市,神宝町
東久留米市,浅間町
東久留米市,大門町
東久留米市,滝山
東久留米市,中央町
東久留米市,野火止
東久留米市,八幡町
東久留米市,東本町
東久留米市,氷川台
東久留米市,本町
東久留米市,前沢
東久留米市,南沢
東久留米市,南町
東久留米市,柳窪
東久留米市,弥生
東久留米市,ひばりが丘団地
武蔵村山市,伊奈平
武蔵村山市,榎
武蔵村山市,大南
武蔵村山市,学園
武蔵村山市,岸
武蔵村山市,残堀
武蔵村山市,神明
武蔵村山市,中央
武蔵村山市,中藤
武蔵村山市,中原
武蔵村山市,本町
武蔵村山市,三ツ木
武蔵村山市,三ツ藤
多摩市,愛宕
多摩市,一ノ宮
多摩市,落合
多摩市,落川
多摩市,貝取
多摩市,唐木田
多摩市,乞田
多摩市,桜ケ丘
多摩市,山王下
多摩市,諏訪
多摩市,関戸
多摩市,鶴牧
多摩市,豊ケ丘
多摩市,中沢
多摩市,永山
多摩市,東寺方
多摩市,聖ケ丘
多摩市,馬引沢
多摩市,南野
多摩市,百草
多摩市,連光寺
多摩市,和田
稲城市,大丸
稲城市,押立
稲城市,向陽台
稲城市,坂浜
稲城市,長峰
稲城市,東長沼
稲城市,平尾
稲城市,百村
稲城市,矢野口
稲城市,若葉台
羽村市,小作台
羽村市,川崎
羽村市,五ノ神
羽村市,栄町
羽村市,神明台
羽村市,玉川
羽村市,羽
羽村市,羽加美
羽村市,羽中
羽村市,羽西
羽村市,羽東
羽村市,富士見平
羽村市,双葉町
羽村市,緑ヶ丘
あきる野市,秋川
あきる野市,秋留
あきる野市,網代
あきる野市,油平
あきる野市,雨間
あきる野市,五日市
あきる野市,伊奈
あきる野市,入野
あきる野市,牛沼
あきる野市,小川
あきる野市,小川東
あきる野市,乙津
あきる野市,上代継
あきる野市,草花
あきる野市,小中野
あきる野市,小和田
あきる野市,三内
あきる野市,下代継
あきる野市,菅生
あきる野市,瀬戸岡
あきる野市,高尾
あきる野市,舘谷
あきる野市,留原
あきる野市,二宮
あきる野市,二宮東
あきる野市,野辺
あきる野市,原小宮
あきる野市,引田
あきる野市,平沢
あきる野市,平沢西
あきる野市,深沢
あきる野市,渕上
あきる野市,山田
あきる野市,戸倉
あきる野市,横沢
西東京市,泉町
西東京市,北原町
西東京市,北町
西東京市,栄町
西東京市,芝久保町
西東京市,下保谷
西東京市,新町
西東京市,住吉町
西東京市,田無町
西東京市,中町
西東京市,西原町
西東京市,東町
西東京市,東伏見
西東京市,ひばりが丘
西東京市,ひばりが丘北
西東京市,富士町
西東京市,保谷町
西東京市,緑町
西東京市,南町
西東京市,向台町
西東京市,柳沢
西東京市,谷戸町
西多摩郡瑞穂町,大字石畑
西多摩郡瑞穂町,大字駒形富士山
西多摩郡瑞穂町,大字高根
西多摩郡瑞穂町,大字殿ケ谷
西多摩郡瑞穂町,長岡
西多摩郡瑞穂町,大字二本木
西多摩郡瑞穂町,大字箱根ケ崎
西多摩郡瑞穂町,箱根ケ崎西松原
西多摩郡瑞穂町,箱根ケ崎東松原
西多摩郡瑞穂町,南平
西多摩郡瑞穂町,大字武蔵
西多摩郡瑞穂町,むさし野
西多摩郡日の出町,大字大久野
西多摩郡日の出町,大字平井
西多摩郡檜原村,小沢
西多摩郡檜原村,神戸
西多摩郡檜原村,本宿
西多摩郡檜原村,南郷
西多摩郡奥多摩町,海澤
西多摩郡奥多摩町,梅澤
西多摩郡奥多摩町,川井
西多摩郡奥多摩町,小丹波
西多摩郡奥多摩町,棚澤
西多摩郡奥多摩町,丹三郎
西多摩郡奥多摩町,原
西多摩郡奥多摩町,日原
大島町,岡田
大島町,差木地
大島町,元町
大島町,野増
大島町,波浮港
新島村,本村
新島村,若郷
新島村,（大字なし）
神津島村,（大字なし）
三宅村,阿古
三宅村,伊ヶ谷
三宅村,伊豆
三宅村,神着
三宅村,坪田
八丈町,大賀郷
八丈町,樫立
八丈町,中之郷
八丈町,三根
小笠原村,父島
小笠原村,母島
